DATE,IHLIDXUSTPHUMARESO
2020-02-01,100.0
2020-02-02,99.72
2020-02-03,99.7
2020-02-04,99.75
2020-02-05,99.85
2020-02-06,99.93
2020-02-07,99.93
2020-02-08,100.08
2020-02-09,100.13
2020-02-10,100.22
2020-02-11,100.23
2020-02-12,100.13
2020-02-13,100.02
2020-02-14,99.96
2020-02-15,99.72
2020-02-16,99.63
2020-02-17,99.47
2020-02-18,99.36
2020-02-19,99.19
2020-02-20,99.02
2020-02-21,98.96
2020-02-22,98.72
2020-02-23,98.64
2020-02-24,98.56
2020-02-25,98.47
2020-02-26,98.46
2020-02-27,98.47
2020-02-28,98.38
2020-02-29,98.6
2020-03-01,98.56
2020-03-02,98.5
2020-03-03,98.41
2020-03-04,98.32
2020-03-05,98.19
2020-03-06,97.98
2020-03-07,97.86
2020-03-08,97.72
2020-03-09,97.55
2020-03-10,97.56
2020-03-11,97.59
2020-03-12,97.57
2020-03-13,97.52
2020-03-14,97.41
2020-03-15,97.23
2020-03-16,97.07
2020-03-17,96.49
2020-03-18,95.64
2020-03-19,94.53
2020-03-20,93.13
2020-03-21,91.29
2020-03-22,89.51
2020-03-23,87.71
2020-03-24,85.88
2020-03-25,84.03
2020-03-26,82.18
2020-03-27,80.14
2020-03-28,78.37
2020-03-29,76.53
2020-03-30,74.77
2020-03-31,72.74
2020-04-01,70.59
2020-04-02,68.59
2020-04-03,67.06
2020-04-04,65.58
2020-04-05,64.02
2020-04-06,62.35
2020-04-07,61.05
2020-04-08,60.19
2020-04-09,59.28
2020-04-10,58.36
2020-04-11,57.64
2020-04-12,56.91
2020-04-13,56.32
2020-04-14,55.83
2020-04-15,55.24
2020-04-16,54.76
2020-04-17,54.3
2020-04-18,53.78
2020-04-19,53.24
2020-04-20,52.77
2020-04-21,52.32
2020-04-22,51.84
2020-04-23,51.36
2020-04-24,50.9
2020-04-25,50.57
2020-04-26,50.26
2020-04-27,49.86
2020-04-28,49.48
2020-04-29,49.13
2020-04-30,48.77
2020-05-01,48.38
2020-05-02,47.99
2020-05-03,47.55
2020-05-04,47.21
2020-05-05,46.88
2020-05-06,46.69
2020-05-07,46.52
2020-05-08,46.42
2020-05-09,46.34
2020-05-10,46.35
2020-05-11,46.27
2020-05-12,46.2
2020-05-13,45.67
2020-05-14,45.3
2020-05-15,45.19
2020-05-16,44.96
2020-05-17,44.72
2020-05-18,44.49
2020-05-19,44.25
2020-05-20,44.52
2020-05-21,44.78
2020-05-22,44.84
2020-05-23,44.99
2020-05-24,45.05
2020-05-25,45.1
2020-05-26,45.18
2020-05-27,45.13
2020-05-28,45.0
2020-05-29,44.93
2020-05-30,45.11
2020-05-31,45.22
2020-06-01,45.26
2020-06-02,45.34
2020-06-03,45.46
2020-06-04,45.59
2020-06-05,45.74
2020-06-06,45.8
2020-06-07,45.96
2020-06-08,46.17
2020-06-09,46.36
2020-06-10,46.55
2020-06-11,46.72
2020-06-12,46.82
2020-06-13,46.82
2020-06-14,46.92
2020-06-15,47.05
2020-06-16,47.23
2020-06-17,47.43
2020-06-18,47.7
2020-06-19,47.94
2020-06-20,48.27
2020-06-21,48.52
2020-06-22,48.74
2020-06-23,48.9
2020-06-24,49.08
2020-06-25,49.25
2020-06-26,49.45
2020-06-27,49.66
2020-06-28,49.91
2020-06-29,50.19
2020-06-30,50.52
2020-07-01,50.73
2020-07-02,50.9
2020-07-03,51.11
2020-07-04,51.27
2020-07-05,51.41
2020-07-06,51.53
2020-07-07,51.67
2020-07-08,51.96
2020-07-09,52.31
2020-07-10,52.64
2020-07-11,53.0
2020-07-12,53.33
2020-07-13,53.65
2020-07-14,54.0
2020-07-15,54.24
2020-07-16,54.47
2020-07-17,54.67
2020-07-18,54.65
2020-07-19,54.87
2020-07-20,55.07
2020-07-21,55.29
2020-07-22,55.52
2020-07-23,55.78
2020-07-24,56.08
2020-07-25,56.54
2020-07-26,56.84
2020-07-27,57.14
2020-07-28,57.34
2020-07-29,57.56
2020-07-30,57.7
2020-07-31,57.85
2020-08-01,58.04
2020-08-02,58.17
2020-08-03,58.33
2020-08-04,58.55
2020-08-05,58.54
2020-08-06,58.58
2020-08-07,58.52
2020-08-08,58.57
2020-08-09,58.66
2020-08-10,58.74
2020-08-11,58.77
2020-08-12,58.78
2020-08-13,58.86
2020-08-14,59.12
2020-08-15,59.02
2020-08-16,59.12
2020-08-17,59.22
2020-08-18,59.38
2020-08-19,59.78
2020-08-20,60.07
2020-08-21,60.27
2020-08-22,60.72
2020-08-23,60.94
2020-08-24,61.14
2020-08-25,61.08
2020-08-26,61.06
2020-08-27,61.02
2020-08-28,60.98
2020-08-29,60.94
2020-08-30,60.91
2020-08-31,60.9
2020-09-01,61.06
2020-09-02,61.22
2020-09-03,61.67
2020-09-04,61.95
2020-09-05,62.27
2020-09-06,62.67
2020-09-07,63.06
2020-09-08,63.43
2020-09-09,63.81
2020-09-10,63.98
2020-09-11,64.31
2020-09-12,64.55
2020-09-13,64.68
2020-09-14,64.81
2020-09-15,64.94
2020-09-16,65.02
2020-09-17,65.08
2020-09-18,65.15
2020-09-19,65.21
2020-09-20,65.38
2020-09-21,65.49
2020-09-22,65.67
2020-09-23,65.89
2020-09-24,66.08
2020-09-25,66.35
2020-09-26,67.89
2020-09-27,68.14
2020-09-28,68.49
2020-09-29,68.85
2020-09-30,69.23
2020-10-01,69.5
2020-10-02,69.69
2020-10-03,68.69
2020-10-04,68.94
2020-10-05,69.15
2020-10-06,69.29
2020-10-07,69.41
2020-10-08,69.67
2020-10-09,69.95
2020-10-10,70.11
2020-10-11,70.32
2020-10-12,70.55
2020-10-13,70.77
2020-10-14,71.1
2020-10-15,71.42
2020-10-16,71.7
2020-10-17,71.92
2020-10-18,72.17
2020-10-19,72.39
2020-10-20,72.67
2020-10-21,72.87
2020-10-22,73.0
2020-10-23,73.17
2020-10-24,73.47
2020-10-25,73.71
2020-10-26,73.97
2020-10-27,74.25
2020-10-28,74.43
2020-10-29,74.77
2020-10-30,75.01
2020-10-31,75.25
2020-11-01,75.49
2020-11-02,75.74
2020-11-03,75.96
2020-11-04,76.22
2020-11-05,76.32
2020-11-06,76.51
2020-11-07,76.66
2020-11-08,76.82
2020-11-09,76.98
2020-11-10,77.07
2020-11-11,77.23
2020-11-12,77.44
2020-11-13,77.63
2020-11-14,77.59
2020-11-15,77.76
2020-11-16,77.92
2020-11-17,78.18
2020-11-18,78.37
2020-11-19,78.55
2020-11-20,78.74
2020-11-21,79.14
2020-11-22,79.38
2020-11-23,79.61
2020-11-24,79.8
2020-11-25,79.99
2020-11-26,80.23
2020-11-27,80.37
2020-11-28,80.42
2020-11-29,80.43
2020-11-30,80.42
2020-12-01,80.24
2020-12-02,80.05
2020-12-03,79.81
2020-12-04,79.66
2020-12-05,79.66
2020-12-06,79.62
2020-12-07,79.52
2020-12-08,79.6
2020-12-09,79.71
2020-12-10,79.81
2020-12-11,80.0
2020-12-12,79.87
2020-12-13,80.03
2020-12-14,80.23
2020-12-15,80.41
2020-12-16,80.59
2020-12-17,80.77
2020-12-18,80.8
2020-12-19,80.9
2020-12-20,80.77
2020-12-21,80.65
2020-12-22,80.5
2020-12-23,80.33
2020-12-24,80.15
2020-12-25,79.97
2020-12-26,79.91
2020-12-27,79.86
2020-12-28,79.82
2020-12-29,79.95
2020-12-30,80.18
2020-12-31,80.52
2021-01-01,80.95
2021-01-02,81.43
2021-01-03,81.96
2021-01-04,82.6
2021-01-05,83.14
2021-01-06,83.71
2021-01-07,84.3
2021-01-08,84.89
2021-01-09,85.41
2021-01-10,86.01
2021-01-11,86.47
2021-01-12,86.9
2021-01-13,87.27
2021-01-14,87.6
2021-01-15,87.98
2021-01-16,88.47
2021-01-17,88.8
2021-01-18,89.13
2021-01-19,89.41
2021-01-20,89.7
2021-01-21,89.92
2021-01-22,90.1
2021-01-23,89.95
2021-01-24,90.15
2021-01-25,90.42
2021-01-26,90.75
2021-01-27,91.14
2021-01-28,91.66
2021-01-29,92.2
2021-01-30,92.96
2021-01-31,93.47
2021-02-01,93.93
2021-02-02,94.4
2021-02-03,94.81
2021-02-04,95.05
2021-02-05,95.42
2021-02-06,95.73
2021-02-07,96.12
2021-02-08,96.51
2021-02-09,96.92
2021-02-10,97.3
2021-02-11,97.77
2021-02-12,98.13
2021-02-13,98.63
2021-02-14,99.02
2021-02-15,99.37
2021-02-16,99.6
2021-02-17,99.86
2021-02-18,100.05
2021-02-19,100.43
2021-02-20,100.42
2021-02-21,100.74
2021-02-22,101.11
2021-02-23,101.56
2021-02-24,102.07
2021-02-25,102.64
2021-02-26,103.03
2021-02-27,103.62
2021-02-28,103.99
2021-03-01,104.25
2021-03-02,104.45
2021-03-03,104.62
2021-03-04,104.84
2021-03-05,105.02
2021-03-06,105.09
2021-03-07,105.33
2021-03-08,105.69
2021-03-09,106.13
2021-03-10,106.57
2021-03-11,107.02
2021-03-12,107.46
2021-03-13,108.19
2021-03-14,108.68
2021-03-15,109.09
2021-03-16,109.55
2021-03-17,109.93
2021-03-18,110.29
2021-03-19,110.73
2021-03-20,111.02
2021-03-21,111.35
2021-03-22,111.76
2021-03-23,112.11
2021-03-24,112.41
2021-03-25,112.79
2021-03-26,113.2
2021-03-27,113.7
2021-03-28,114.17
2021-03-29,114.68
2021-03-30,115.23
2021-03-31,115.91
2021-04-01,116.47
2021-04-02,116.95
2021-04-03,117.41
2021-04-04,118.0
2021-04-05,118.59
2021-04-06,119.12
2021-04-07,119.63
2021-04-08,120.21
2021-04-09,120.88
2021-04-10,121.23
2021-04-11,121.59
2021-04-12,121.92
2021-04-13,122.3
2021-04-14,122.71
2021-04-15,123.08
2021-04-16,123.45
2021-04-17,124.12
2021-04-18,124.63
2021-04-19,125.11
2021-04-20,125.52
2021-04-21,125.95
2021-04-22,126.38
2021-04-23,126.77
2021-04-24,127.03
2021-04-25,127.26
2021-04-26,127.52
2021-04-27,127.82
2021-04-28,128.07
2021-04-29,128.41
2021-04-30,128.67
2021-05-01,128.91
2021-05-02,129.27
2021-05-03,129.65
2021-05-04,130.11
2021-05-05,130.6
2021-05-06,131.15
2021-05-07,131.76
2021-05-08,132.6
2021-05-09,133.4
2021-05-10,134.12
2021-05-11,134.81
2021-05-12,135.6
2021-05-13,136.29
2021-05-14,137.05
2021-05-15,137.63
2021-05-16,138.25
2021-05-17,138.83
2021-05-18,139.19
2021-05-19,139.39
2021-05-20,139.89
2021-05-21,140.31
2021-05-22,140.41
2021-05-23,140.96
2021-05-24,141.43
2021-05-25,142.02
2021-05-26,142.74
2021-05-27,143.18
2021-05-28,143.74
2021-05-29,144.72
2021-05-30,145.23
2021-05-31,145.86
2021-06-01,146.2
2021-06-02,146.58
2021-06-03,146.97
2021-06-04,147.27
2021-06-05,147.47
2021-06-06,147.71
2021-06-07,147.89
2021-06-08,148.22
2021-06-09,148.61
2021-06-10,148.95
2021-06-11,149.41
2021-06-12,149.7
2021-06-13,150.14
2021-06-14,150.66
2021-06-15,151.3
2021-06-16,151.79
2021-06-17,152.36
2021-06-18,152.89
2021-06-19,153.62
2021-06-20,154.08
2021-06-21,154.66
2021-06-22,155.23
2021-06-23,155.92
2021-06-24,156.45
2021-06-25,156.87
2021-06-26,157.64
2021-06-27,158.25
2021-06-28,158.89
2021-06-29,159.62
2021-06-30,160.12
2021-07-01,160.62
2021-07-02,161.23
2021-07-03,161.65
2021-07-04,162.29
2021-07-05,162.8
2021-07-06,163.3
2021-07-07,163.69
2021-07-08,164.22
2021-07-09,164.74
2021-07-10,164.91
2021-07-11,165.16
2021-07-12,165.31
2021-07-13,165.46
2021-07-14,165.75
2021-07-15,165.93
2021-07-16,165.97
2021-07-17,166.12
2021-07-18,166.43
2021-07-19,166.87
2021-07-20,167.3
2021-07-21,167.4
2021-07-22,167.48
2021-07-23,167.67
2021-07-24,167.78
2021-07-25,167.75
2021-07-26,167.62
2021-07-27,167.53
2021-07-28,167.7
2021-07-29,167.92
2021-07-30,167.84
2021-07-31,168.16
2021-08-01,168.27
2021-08-02,168.42
2021-08-03,168.55
2021-08-04,168.74
2021-08-05,169.03
2021-08-06,169.63
2021-08-07,169.47
2021-08-08,169.87
2021-08-09,170.3
2021-08-10,170.71
2021-08-11,171.17
2021-08-12,171.64
2021-08-13,172.12
2021-08-14,172.99
2021-08-15,173.52
2021-08-16,173.88
2021-08-17,174.33
2021-08-18,174.74
2021-08-19,175.22
2021-08-20,175.68
2021-08-21,176.57
2021-08-22,177.59
2021-08-23,178.61
2021-08-24,179.44
2021-08-25,180.12
2021-08-26,180.62
2021-08-27,181.03
2021-08-28,180.89
2021-08-29,180.67
2021-08-30,180.64
2021-08-31,180.59
2021-09-01,180.42
2021-09-02,180.49
2021-09-03,180.74
2021-09-04,180.9
2021-09-05,181.47
2021-09-06,182.06
2021-09-07,182.62
2021-09-08,183.49
2021-09-09,184.09
2021-09-10,184.61
2021-09-11,185.37
2021-09-12,185.6
2021-09-13,185.71
2021-09-14,186.03
2021-09-15,186.27
2021-09-16,186.41
2021-09-17,186.43
2021-09-18,186.52
2021-09-19,186.75
2021-09-20,187.0
2021-09-21,187.09
2021-09-22,187.27
2021-09-23,187.56
2021-09-24,187.9
2021-09-25,188.21
2021-09-26,188.52
2021-09-27,188.93
2021-09-28,189.62
2021-09-29,190.32
2021-09-30,190.87
2021-10-01,191.35
2021-10-02,191.93
2021-10-03,192.41
2021-10-04,192.75
2021-10-05,192.64
2021-10-06,192.76
2021-10-07,193.1
2021-10-08,193.66
2021-10-09,194.37
2021-10-10,194.96
2021-10-11,195.58
2021-10-12,196.42
2021-10-13,196.97
2021-10-14,197.64
2021-10-15,198.14
2021-10-16,198.01
2021-10-17,198.3
2021-10-18,198.64
2021-10-19,198.99
2021-10-20,199.32
2021-10-21,199.42
2021-10-22,199.56
2021-10-23,200.16
2021-10-24,200.48
2021-10-25,200.82
2021-10-26,201.19
2021-10-27,201.67
2021-10-28,202.26
2021-10-29,202.86
2021-10-30,203.41
2021-10-31,203.88
2021-11-01,204.42
2021-11-02,204.98
2021-11-03,205.46
2021-11-04,205.91
2021-11-05,206.44
2021-11-06,206.76
2021-11-07,207.51
2021-11-08,208.19
2021-11-09,208.76
2021-11-10,209.35
2021-11-11,210.35
2021-11-12,211.05
2021-11-13,212.24
2021-11-14,213.12
2021-11-15,213.9
2021-11-16,214.84
2021-11-17,215.86
2021-11-18,216.55
2021-11-19,217.58
2021-11-20,217.54
2021-11-21,218.23
2021-11-22,219.06
2021-11-23,219.59
2021-11-24,220.07
2021-11-25,220.35
2021-11-26,220.45
2021-11-27,221.22
2021-11-28,221.07
2021-11-29,220.76
2021-11-30,220.67
2021-12-01,220.37
2021-12-02,220.21
2021-12-03,219.98
2021-12-04,220.07
2021-12-05,220.34
2021-12-06,220.61
2021-12-07,220.79
2021-12-08,221.17
2021-12-09,221.64
2021-12-10,222.26
2021-12-11,222.32
2021-12-12,222.73
2021-12-13,223.21
2021-12-14,223.66
2021-12-15,223.98
2021-12-16,224.06
2021-12-17,224.19
2021-12-18,224.4
2021-12-19,224.27
2021-12-20,223.98
2021-12-21,223.15
2021-12-22,222.3
2021-12-23,221.56
2021-12-24,220.66
2021-12-25,220.04
2021-12-26,219.26
2021-12-27,218.7
2021-12-28,218.91
2021-12-29,219.2
2021-12-30,219.77
2021-12-31,220.53
2022-01-01,221.71
2022-01-02,222.69
2022-01-03,223.86
2022-01-04,225.37
2022-01-05,227.08
2022-01-06,228.08
2022-01-07,229.09
2022-01-08,229.01
2022-01-09,229.65
2022-01-10,229.87
2022-01-11,229.48
2022-01-12,228.91
2022-01-13,228.86
2022-01-14,228.27
2022-01-15,228.67
2022-01-16,228.63
2022-01-17,228.66
2022-01-18,228.87
2022-01-19,228.9
2022-01-20,228.84
2022-01-21,229.29
2022-01-22,229.19
2022-01-23,229.09
2022-01-24,229.01
2022-01-25,229.05
2022-01-26,229.25
2022-01-27,229.38
2022-01-28,229.42
2022-01-29,230.07
2022-01-30,230.91
2022-01-31,231.76
2022-02-01,232.36
2022-02-02,232.85
2022-02-03,233.38
2022-02-04,233.92
2022-02-05,234.12
2022-02-06,234.09
2022-02-07,233.87
2022-02-08,233.71
2022-02-09,233.78
2022-02-10,233.92
2022-02-11,233.94
2022-02-12,233.76
2022-02-13,233.45
2022-02-14,233.25
2022-02-15,232.95
2022-02-16,233.05
2022-02-17,232.79
2022-02-18,232.55
2022-02-19,231.95
2022-02-20,232.14
2022-02-21,232.51
2022-02-22,232.67
2022-02-23,232.54
2022-02-24,232.76
2022-02-25,233.05
2022-02-26,234.06
2022-02-27,234.23
2022-02-28,234.32
2022-03-01,234.33
2022-03-02,234.12
2022-03-03,233.81
2022-03-04,233.39
2022-03-05,232.63
2022-03-06,232.15
2022-03-07,231.83
2022-03-08,231.8
2022-03-09,231.59
2022-03-10,231.41
2022-03-11,231.3
2022-03-12,231.09
2022-03-13,230.69
2022-03-14,230.11
2022-03-15,229.43
2022-03-16,229.03
2022-03-17,228.63
2022-03-18,228.27
2022-03-19,227.61
2022-03-20,227.13
2022-03-21,226.48
2022-03-22,225.99
2022-03-23,225.35
2022-03-24,225.01
2022-03-25,224.63
2022-03-26,224.86
2022-03-27,224.76
2022-03-28,224.72
2022-03-29,224.45
2022-03-30,224.92
2022-03-31,224.94
2022-04-01,224.74
2022-04-02,224.69
2022-04-03,225.0
2022-04-04,225.3
2022-04-05,225.81
2022-04-06,225.83
2022-04-07,225.65
2022-04-08,225.94
2022-04-09,225.22
2022-04-10,224.0
2022-04-11,222.78
2022-04-12,221.79
2022-04-13,220.53
2022-04-14,219.73
2022-04-15,218.65
2022-04-16,218.45
2022-04-17,218.48
2022-04-18,218.54
2022-04-19,218.43
2022-04-20,218.47
2022-04-21,218.45
2022-04-22,218.87
2022-04-23,219.15
2022-04-24,219.11
2022-04-25,219.18
2022-04-26,219.19
2022-04-27,217.65
2022-04-28,217.33
2022-04-29,216.51
2022-04-30,215.58
2022-05-01,215.16
2022-05-02,214.61
2022-05-03,214.2
2022-05-04,215.24
2022-05-05,214.93
2022-05-06,214.78
2022-05-07,214.58
2022-05-08,214.5
2022-05-09,214.58
2022-05-10,214.59
2022-05-11,214.41
2022-05-12,214.52
2022-05-13,214.32
2022-05-14,214.44
2022-05-15,214.33
2022-05-16,214.22
2022-05-17,213.72
2022-05-18,213.69
2022-05-19,213.25
2022-05-20,213.12
2022-05-21,212.53
2022-05-22,212.52
2022-05-23,212.45
2022-05-24,212.6
2022-05-25,212.55
2022-05-26,212.57
2022-05-27,212.33
2022-05-28,212.43
2022-05-29,211.9
2022-05-30,211.47
2022-05-31,210.69
2022-06-01,209.85
2022-06-02,209.04
2022-06-03,208.25
2022-06-04,207.48
2022-06-05,206.64
2022-06-06,205.71
2022-06-07,205.12
2022-06-08,204.57
2022-06-09,203.98
2022-06-10,203.38
2022-06-11,203.11
2022-06-12,202.7
2022-06-13,202.48
2022-06-14,202.53
2022-06-15,202.39
2022-06-16,202.21
2022-06-17,202.18
2022-06-18,201.8
2022-06-19,201.76
2022-06-20,201.48
2022-06-21,200.96
2022-06-22,200.49
2022-06-23,200.18
2022-06-24,199.86
2022-06-25,199.28
2022-06-26,198.91
2022-06-27,198.28
2022-06-28,197.82
2022-06-29,197.84
2022-06-30,197.76
2022-07-01,197.4
2022-07-02,197.58
2022-07-03,197.47
2022-07-04,197.37
2022-07-05,197.62
2022-07-06,197.13
2022-07-07,196.71
2022-07-08,196.64
2022-07-09,196.15
2022-07-10,195.79
2022-07-11,195.8
2022-07-12,195.2
2022-07-13,194.78
2022-07-14,194.39
2022-07-15,193.88
2022-07-16,193.49
2022-07-17,192.91
2022-07-18,192.01
2022-07-19,191.32
2022-07-20,190.71
2022-07-21,190.02
2022-07-22,189.29
2022-07-23,188.15
2022-07-24,187.42
2022-07-25,186.97
2022-07-26,186.47
2022-07-27,186.05
2022-07-28,185.66
2022-07-29,185.08
2022-07-30,185.22
2022-07-31,184.9
2022-08-01,184.56
2022-08-02,184.07
2022-08-03,183.62
2022-08-04,183.16
2022-08-05,183.05
2022-08-06,182.55
2022-08-07,182.08
2022-08-08,181.68
2022-08-09,181.36
2022-08-10,180.88
2022-08-11,180.31
2022-08-12,179.53
2022-08-13,178.66
2022-08-14,178.2
2022-08-15,177.72
2022-08-16,177.23
2022-08-17,176.87
2022-08-18,176.61
2022-08-19,176.57
2022-08-20,176.7
2022-08-21,176.48
2022-08-22,176.36
2022-08-23,175.96
2022-08-24,175.71
2022-08-25,175.53
2022-08-26,175.27
2022-08-27,175.12
2022-08-28,174.82
2022-08-29,174.41
2022-08-30,174.18
2022-08-31,173.97
2022-09-01,173.55
2022-09-02,173.33
2022-09-03,173.13
2022-09-04,173.05
2022-09-05,172.87
2022-09-06,172.84
2022-09-07,172.51
2022-09-08,172.38
2022-09-09,171.95
2022-09-10,171.48
2022-09-11,170.88
2022-09-12,170.33
2022-09-13,169.88
2022-09-14,169.46
2022-09-15,168.88
2022-09-16,168.45
2022-09-17,167.99
2022-09-18,167.67
2022-09-19,167.21
2022-09-20,166.61
2022-09-21,166.24
2022-09-22,166.03
2022-09-23,165.75
2022-09-24,165.51
2022-09-25,165.32
2022-09-26,165.38
2022-09-27,165.44
2022-09-28,165.35
2022-09-29,165.15
2022-09-30,164.9
2022-10-01,164.77
2022-10-02,164.59
2022-10-03,164.3
2022-10-04,164.08
2022-10-05,163.86
2022-10-06,163.59
2022-10-07,163.41
2022-10-08,163.18
2022-10-09,162.86
2022-10-10,162.68
2022-10-11,162.51
2022-10-12,162.29
2022-10-13,162.22
2022-10-14,162.15
2022-10-15,161.89
2022-10-16,161.85
2022-10-17,161.64
2022-10-18,161.55
2022-10-19,161.33
2022-10-20,161.11
2022-10-21,160.84
2022-10-22,160.06
2022-10-23,159.81
2022-10-24,159.7
2022-10-25,159.54
2022-10-26,159.5
2022-10-27,159.46
2022-10-28,159.51
2022-10-29,160.2
2022-10-30,160.31
2022-10-31,160.48
2022-11-01,160.47
2022-11-02,160.37
2022-11-03,160.32
2022-11-04,160.26
2022-11-05,160.12
2022-11-06,159.9
2022-11-07,159.72
2022-11-08,159.58
2022-11-09,159.43
2022-11-10,159.12
2022-11-11,158.65
2022-11-12,158.38
2022-11-13,158.05
2022-11-14,157.55
2022-11-15,157.06
2022-11-16,156.68
2022-11-17,156.35
2022-11-18,156.04
2022-11-19,155.3
2022-11-20,154.87
2022-11-21,154.53
2022-11-22,154.29
2022-11-23,153.97
2022-11-24,153.59
2022-11-25,153.26
2022-11-26,153.26
2022-11-27,152.94
2022-11-28,152.66
2022-11-29,152.32
2022-11-30,151.98
2022-12-01,151.52
2022-12-02,150.96
2022-12-03,150.51
2022-12-04,150.04
2022-12-05,149.55
2022-12-06,148.98
2022-12-07,148.37
2022-12-08,147.8
2022-12-09,147.44
2022-12-10,146.95
2022-12-11,146.7
2022-12-12,146.4
2022-12-13,146.17
2022-12-14,145.97
2022-12-15,145.88
2022-12-16,145.65
2022-12-17,145.41
2022-12-18,144.88
2022-12-19,144.29
2022-12-20,143.8
2022-12-21,143.34
2022-12-22,142.85
2022-12-23,142.32
2022-12-24,141.89
2022-12-25,141.53
2022-12-26,141.27
2022-12-27,140.99
2022-12-28,140.65
2022-12-29,140.52
2022-12-30,140.61
2022-12-31,140.86
2023-01-01,141.19
2023-01-02,141.66
2023-01-03,142.34
2023-01-04,142.97
2023-01-05,143.6
2023-01-06,144.12
2023-01-07,144.43
2023-01-08,144.84
2023-01-09,145.0
2023-01-10,145.12
2023-01-11,145.28
2023-01-12,145.17
2023-01-13,145.1
2023-01-14,144.66
2023-01-15,144.14
2023-01-16,143.79
2023-01-17,143.22
2023-01-18,142.66
2023-01-19,142.13
2023-01-20,141.64
2023-01-21,141.32
2023-01-22,141.05
2023-01-23,140.57
2023-01-24,140.15
2023-01-25,139.75
2023-01-26,139.45
2023-01-27,139.12
2023-01-28,139.02
2023-01-29,138.78
2023-01-30,138.64
2023-01-31,138.46
2023-02-01,138.3
2023-02-02,137.93
2023-02-03,137.55
2023-02-04,137.18
2023-02-05,136.81
2023-02-06,136.4
2023-02-07,136.0
2023-02-08,135.49
2023-02-09,135.19
2023-02-10,134.76
2023-02-11,134.28
2023-02-12,133.75
2023-02-13,133.29
2023-02-14,132.85
2023-02-15,132.42
2023-02-16,132.02
2023-02-17,131.64
2023-02-18,130.65
2023-02-19,130.26
2023-02-20,129.92
2023-02-21,129.59
2023-02-22,129.4
2023-02-23,129.34
2023-02-24,129.07
2023-02-25,129.34
2023-02-26,129.17
2023-02-27,128.94
2023-02-28,128.48
2023-03-01,127.62
2023-03-02,126.9
2023-03-03,126.46
2023-03-04,126.01
2023-03-05,125.67
2023-03-06,125.26
2023-03-07,125.04
2023-03-08,124.97
2023-03-09,124.84
2023-03-10,125.21
2023-03-11,125.74
2023-03-12,125.98
2023-03-13,126.19
2023-03-14,126.48
2023-03-15,127.01
2023-03-16,127.14
2023-03-17,126.81
2023-03-18,126.38
2023-03-19,126.02
2023-03-20,125.73
2023-03-21,125.29
2023-03-22,124.89
2023-03-23,124.42
2023-03-24,124.05
2023-03-25,123.65
2023-03-26,123.42
2023-03-27,123.19
2023-03-28,123.07
2023-03-29,122.96
2023-03-30,123.09
2023-03-31,123.17
2023-04-01,123.17
2023-04-02,123.09
2023-04-03,123.03
2023-04-04,122.96
2023-04-05,122.97
2023-04-06,122.95
2023-04-07,122.93
2023-04-08,122.99
2023-04-09,123.05
2023-04-10,123.07
2023-04-11,123.1
2023-04-12,123.0
2023-04-13,122.88
2023-04-14,122.66
2023-04-15,122.12
2023-04-16,121.99
2023-04-17,121.86
2023-04-18,121.74
2023-04-19,121.53
2023-04-20,121.39
2023-04-21,121.5
2023-04-22,122.0
2023-04-23,121.97
2023-04-24,121.97
2023-04-25,121.88
2023-04-26,121.89
2023-04-27,121.78
2023-04-28,121.56
2023-04-29,121.28
2023-04-30,121.02
2023-05-01,120.71
2023-05-02,120.38
2023-05-03,119.89
2023-05-04,119.22
2023-05-05,118.84
2023-05-06,118.39
2023-05-07,118.01
2023-05-08,117.67
2023-05-09,117.41
2023-05-10,117.29
2023-05-11,117.34
2023-05-12,116.27
2023-05-13,116.0
2023-05-14,115.65
2023-05-15,115.26
2023-05-16,114.74
2023-05-17,114.27
2023-05-18,113.94
2023-05-19,114.29
2023-05-20,114.03
2023-05-21,114.01
2023-05-22,114.05
2023-05-23,114.11
2023-05-24,114.27
2023-05-25,114.33
2023-05-26,114.47
2023-05-27,114.54
2023-05-28,114.38
2023-05-29,114.2
2023-05-30,114.16
2023-05-31,113.89
2023-06-01,113.51
2023-06-02,113.12
2023-06-03,112.7
2023-06-04,112.33
2023-06-05,111.99
2023-06-06,111.64
2023-06-07,111.38
2023-06-08,111.3
2023-06-09,111.32
2023-06-10,111.29
2023-06-11,111.46
2023-06-12,111.61
2023-06-13,111.76
2023-06-14,111.81
2023-06-15,111.73
2023-06-16,111.64
2023-06-17,111.65
2023-06-18,111.53
2023-06-19,111.36
2023-06-20,111.17
2023-06-21,111.06
2023-06-22,111.11
2023-06-23,111.07
2023-06-24,110.97
2023-06-25,110.78
2023-06-26,110.63
2023-06-27,110.42
2023-06-28,110.2
2023-06-29,109.9
2023-06-30,109.56
2023-07-01,109.19
2023-07-02,108.85
2023-07-03,108.54
2023-07-04,108.35
2023-07-05,108.24
2023-07-06,108.01
2023-07-07,107.94
2023-07-08,108.01
2023-07-09,108.03
2023-07-10,107.97
2023-07-11,107.86
2023-07-12,107.74
2023-07-13,107.66
2023-07-14,107.54
2023-07-15,107.36
2023-07-16,107.16
2023-07-17,106.98
2023-07-18,106.85
2023-07-19,106.78
2023-07-20,106.72
2023-07-21,106.76
2023-07-22,106.38
2023-07-23,106.45
2023-07-24,106.5
2023-07-25,106.57
2023-07-26,106.59
2023-07-27,106.68
2023-07-28,106.56
2023-07-29,106.88
2023-07-30,106.82
2023-07-31,106.78
2023-08-01,106.61
2023-08-02,106.34
2023-08-03,106.12
2023-08-04,106.06
2023-08-05,106.14
2023-08-06,106.15
2023-08-07,106.12
2023-08-08,106.23
2023-08-09,106.38
2023-08-10,106.52
2023-08-11,106.6
2023-08-12,106.42
2023-08-13,106.44
2023-08-14,106.49
2023-08-15,106.55
2023-08-16,106.65
2023-08-17,106.73
2023-08-18,106.69
2023-08-19,106.79
2023-08-20,106.76
2023-08-21,106.72
2023-08-22,106.56
2023-08-23,106.3
2023-08-24,106.08
2023-08-25,105.97
2023-08-26,105.89
2023-08-27,105.82
2023-08-28,105.76
2023-08-29,105.84
2023-08-30,106.04
2023-08-31,106.13
2023-09-01,106.12
2023-09-02,106.14
2023-09-03,106.09
2023-09-04,106.11
2023-09-05,106.09
2023-09-06,105.99
2023-09-07,105.98
2023-09-08,106.13
2023-09-09,106.26
2023-09-10,106.37
2023-09-11,106.47
2023-09-12,106.5
2023-09-13,106.65
2023-09-14,106.71
2023-09-15,106.63
2023-09-16,106.54
2023-09-17,106.2
2023-09-18,105.85
2023-09-19,105.52
2023-09-20,105.06
2023-09-21,104.69
2023-09-22,104.39
2023-09-23,104.1
2023-09-24,104.11
2023-09-25,104.16
2023-09-26,104.26
2023-09-27,104.46
2023-09-28,104.76
2023-09-29,105.0
2023-09-30,105.02
2023-10-01,105.11
2023-10-02,105.1
2023-10-03,105.08
2023-10-04,105.02
2023-10-05,104.87
2023-10-06,104.76
2023-10-07,104.81
2023-10-08,104.72
2023-10-09,104.65
2023-10-10,104.55
2023-10-11,104.38
2023-10-12,104.19
2023-10-13,104.07
2023-10-14,103.94
2023-10-15,103.85
2023-10-16,103.73
2023-10-17,103.67
2023-10-18,103.62
2023-10-19,103.6
2023-10-20,103.5
2023-10-21,103.24
2023-10-22,103.17
2023-10-23,103.17
2023-10-24,103.23
2023-10-25,103.28
2023-10-26,103.36
2023-10-27,103.35
2023-10-28,103.65
2023-10-29,103.76
2023-10-30,103.83
2023-10-31,103.77
2023-11-01,103.83
2023-11-02,103.73
2023-11-03,103.75
2023-11-04,103.7
2023-11-05,103.62
2023-11-06,103.51
2023-11-07,103.57
2023-11-08,103.53
2023-11-09,103.55
2023-11-10,103.54
2023-11-11,103.5
2023-11-12,103.46
2023-11-13,103.42
2023-11-14,103.23
2023-11-15,102.93
2023-11-16,102.75
2023-11-17,102.51
2023-11-18,102.16
2023-11-19,101.92
2023-11-20,101.71
2023-11-21,101.66
2023-11-22,101.67
2023-11-23,101.65
2023-11-24,101.53
2023-11-25,101.56
2023-11-26,101.45
2023-11-27,101.33
2023-11-28,101.12
2023-11-29,100.95
2023-11-30,100.64
2023-12-01,100.53
2023-12-02,100.39
2023-12-03,100.34
2023-12-04,100.29
2023-12-05,100.21
2023-12-06,100.11
2023-12-07,100.16
2023-12-08,100.2
2023-12-09,100.06
2023-12-10,100.07
2023-12-11,100.13
2023-12-12,100.23
2023-12-13,100.47
2023-12-14,100.63
2023-12-15,100.64
2023-12-16,100.82
2023-12-17,100.79
2023-12-18,100.65
2023-12-19,100.47
2023-12-20,100.09
2023-12-21,99.76
2023-12-22,99.43
2023-12-23,99.08
2023-12-24,98.75
2023-12-25,98.53
2023-12-26,98.37
2023-12-27,98.23
2023-12-28,98.08
2023-12-29,98.12
2023-12-30,98.26
2023-12-31,98.47
2024-01-01,98.65
2024-01-02,98.88
2024-01-03,99.41
2024-01-04,100.34
2024-01-05,101.2
2024-01-06,102.0
2024-01-07,102.84
2024-01-08,103.5
2024-01-09,104.11
2024-01-10,104.45
2024-01-11,104.43
2024-01-12,104.35
2024-01-13,104.18
2024-01-14,103.93
2024-01-15,103.79
2024-01-16,103.63
2024-01-17,103.47
2024-01-18,103.28
2024-01-19,102.95
2024-01-20,102.83
2024-01-21,102.65
2024-01-22,102.47
2024-01-23,102.4
2024-01-24,102.31
2024-01-25,102.32
2024-01-26,102.37
2024-01-27,102.43
2024-01-28,102.51
2024-01-29,102.59
2024-01-30,102.62
2024-01-31,102.68
2024-02-01,102.59
2024-02-02,102.69
2024-02-03,102.74
2024-02-04,102.73
2024-02-05,102.66
2024-02-06,102.57
2024-02-07,102.46
2024-02-08,102.37
2024-02-09,102.15
2024-02-10,101.81
2024-02-11,101.49
2024-02-12,101.24
2024-02-13,101.08
2024-02-14,100.94
2024-02-15,100.84
2024-02-16,100.83
2024-02-17,100.54
2024-02-18,100.69
2024-02-19,100.84
2024-02-20,100.83
2024-02-21,100.89
2024-02-22,100.87
2024-02-23,100.92
2024-02-24,101.34
2024-02-25,101.32
2024-02-26,101.35
2024-02-27,101.42
2024-02-28,101.42
2024-02-29,101.55
2024-03-01,101.47
2024-03-02,101.36
2024-03-03,101.4
2024-03-04,101.47
2024-03-05,101.54
2024-03-06,101.49
2024-03-07,101.42
2024-03-08,101.42
