DATE,IHLIDXUSTPNURS
2020-02-01,100.0
2020-02-02,99.84
2020-02-03,99.72
2020-02-04,99.68
2020-02-05,99.6
2020-02-06,99.66
2020-02-07,99.63
2020-02-08,99.64
2020-02-09,99.62
2020-02-10,99.6
2020-02-11,99.55
2020-02-12,99.58
2020-02-13,99.43
2020-02-14,99.41
2020-02-15,99.24
2020-02-16,99.14
2020-02-17,99.07
2020-02-18,99.01
2020-02-19,98.92
2020-02-20,98.86
2020-02-21,98.69
2020-02-22,98.73
2020-02-23,98.73
2020-02-24,98.7
2020-02-25,98.74
2020-02-26,98.84
2020-02-27,99.0
2020-02-28,99.23
2020-02-29,99.51
2020-03-01,99.81
2020-03-02,100.13
2020-03-03,100.25
2020-03-04,100.19
2020-03-05,99.99
2020-03-06,99.75
2020-03-07,99.43
2020-03-08,99.0
2020-03-09,98.44
2020-03-10,97.98
2020-03-11,97.67
2020-03-12,97.4
2020-03-13,97.18
2020-03-14,96.95
2020-03-15,96.7
2020-03-16,96.72
2020-03-17,96.55
2020-03-18,96.46
2020-03-19,96.44
2020-03-20,96.28
2020-03-21,95.97
2020-03-22,95.82
2020-03-23,95.45
2020-03-24,95.25
2020-03-25,94.81
2020-03-26,94.27
2020-03-27,93.59
2020-03-28,92.85
2020-03-29,92.09
2020-03-30,91.39
2020-03-31,90.64
2020-04-01,89.85
2020-04-02,89.1
2020-04-03,88.57
2020-04-04,88.09
2020-04-05,87.43
2020-04-06,86.68
2020-04-07,85.82
2020-04-08,85.16
2020-04-09,84.33
2020-04-10,83.49
2020-04-11,82.79
2020-04-12,82.15
2020-04-13,81.48
2020-04-14,81.09
2020-04-15,80.66
2020-04-16,80.37
2020-04-17,80.02
2020-04-18,79.66
2020-04-19,79.37
2020-04-20,79.26
2020-04-21,78.94
2020-04-22,78.5
2020-04-23,78.1
2020-04-24,77.71
2020-04-25,77.3
2020-04-26,76.89
2020-04-27,76.44
2020-04-28,76.0
2020-04-29,75.65
2020-04-30,75.3
2020-05-01,74.97
2020-05-02,74.76
2020-05-03,74.57
2020-05-04,74.46
2020-05-05,74.42
2020-05-06,74.45
2020-05-07,74.49
2020-05-08,74.55
2020-05-09,74.52
2020-05-10,74.48
2020-05-11,74.33
2020-05-12,74.18
2020-05-13,73.69
2020-05-14,74.59
2020-05-15,75.51
2020-05-16,76.31
2020-05-17,76.95
2020-05-18,77.54
2020-05-19,77.99
2020-05-20,78.4
2020-05-21,77.47
2020-05-22,76.54
2020-05-23,75.74
2020-05-24,75.1
2020-05-25,74.51
2020-05-26,73.99
2020-05-27,73.79
2020-05-28,73.58
2020-05-29,73.41
2020-05-30,73.4
2020-05-31,73.34
2020-06-01,73.32
2020-06-02,73.42
2020-06-03,73.56
2020-06-04,73.74
2020-06-05,73.93
2020-06-06,74.13
2020-06-07,74.37
2020-06-08,74.58
2020-06-09,74.82
2020-06-10,75.04
2020-06-11,75.2
2020-06-12,75.4
2020-06-13,75.43
2020-06-14,75.51
2020-06-15,75.58
2020-06-16,75.64
2020-06-17,75.59
2020-06-18,75.63
2020-06-19,75.59
2020-06-20,75.63
2020-06-21,75.62
2020-06-22,75.64
2020-06-23,75.58
2020-06-24,75.71
2020-06-25,75.9
2020-06-26,76.16
2020-06-27,76.38
2020-06-28,76.6
2020-06-29,76.91
2020-06-30,77.28
2020-07-01,77.59
2020-07-02,77.86
2020-07-03,78.19
2020-07-04,78.52
2020-07-05,78.87
2020-07-06,79.14
2020-07-07,79.47
2020-07-08,79.88
2020-07-09,80.35
2020-07-10,80.84
2020-07-11,81.36
2020-07-12,81.91
2020-07-13,82.4
2020-07-14,82.86
2020-07-15,83.2
2020-07-16,83.51
2020-07-17,83.77
2020-07-18,83.99
2020-07-19,84.34
2020-07-20,84.76
2020-07-21,85.23
2020-07-22,85.83
2020-07-23,86.47
2020-07-24,87.29
2020-07-25,88.12
2020-07-26,88.87
2020-07-27,89.49
2020-07-28,90.01
2020-07-29,90.41
2020-07-30,90.77
2020-07-31,90.91
2020-08-01,91.06
2020-08-02,91.22
2020-08-03,91.4
2020-08-04,91.73
2020-08-05,92.07
2020-08-06,92.33
2020-08-07,92.62
2020-08-08,92.76
2020-08-09,92.83
2020-08-10,92.96
2020-08-11,93.0
2020-08-12,92.93
2020-08-13,92.92
2020-08-14,92.99
2020-08-15,93.01
2020-08-16,93.18
2020-08-17,93.32
2020-08-18,93.47
2020-08-19,93.67
2020-08-20,93.88
2020-08-21,93.95
2020-08-22,94.19
2020-08-23,94.31
2020-08-24,94.45
2020-08-25,94.6
2020-08-26,94.77
2020-08-27,94.86
2020-08-28,95.02
2020-08-29,95.32
2020-08-30,95.63
2020-08-31,95.93
2020-09-01,96.12
2020-09-02,96.44
2020-09-03,96.73
2020-09-04,96.88
2020-09-05,96.87
2020-09-06,96.86
2020-09-07,96.94
2020-09-08,97.03
2020-09-09,97.05
2020-09-10,97.28
2020-09-11,97.64
2020-09-12,97.92
2020-09-13,98.19
2020-09-14,98.41
2020-09-15,98.66
2020-09-16,98.92
2020-09-17,99.07
2020-09-18,99.23
2020-09-19,99.47
2020-09-20,99.72
2020-09-21,99.92
2020-09-22,100.2
2020-09-23,100.48
2020-09-24,100.7
2020-09-25,100.89
2020-09-26,101.03
2020-09-27,101.22
2020-09-28,101.45
2020-09-29,101.74
2020-09-30,101.99
2020-10-01,102.21
2020-10-02,102.46
2020-10-03,102.81
2020-10-04,103.1
2020-10-05,103.44
2020-10-06,103.67
2020-10-07,103.9
2020-10-08,104.21
2020-10-09,104.49
2020-10-10,104.69
2020-10-11,104.91
2020-10-12,105.12
2020-10-13,105.32
2020-10-14,105.54
2020-10-15,105.77
2020-10-16,105.93
2020-10-17,106.19
2020-10-18,106.44
2020-10-19,106.62
2020-10-20,106.86
2020-10-21,107.23
2020-10-22,107.51
2020-10-23,107.8
2020-10-24,108.04
2020-10-25,108.27
2020-10-26,108.45
2020-10-27,108.52
2020-10-28,108.41
2020-10-29,108.38
2020-10-30,108.27
2020-10-31,108.04
2020-11-01,107.72
2020-11-02,107.51
2020-11-03,107.46
2020-11-04,107.49
2020-11-05,107.51
2020-11-06,107.66
2020-11-07,107.91
2020-11-08,108.33
2020-11-09,108.67
2020-11-10,108.89
2020-11-11,109.08
2020-11-12,109.29
2020-11-13,109.48
2020-11-14,109.58
2020-11-15,109.71
2020-11-16,109.76
2020-11-17,109.86
2020-11-18,110.1
2020-11-19,110.35
2020-11-20,110.66
2020-11-21,110.84
2020-11-22,110.96
2020-11-23,111.21
2020-11-24,111.46
2020-11-25,111.32
2020-11-26,111.48
2020-11-27,111.48
2020-11-28,111.61
2020-11-29,111.68
2020-11-30,111.74
2020-12-01,111.73
2020-12-02,111.98
2020-12-03,111.96
2020-12-04,111.96
2020-12-05,112.06
2020-12-06,112.2
2020-12-07,112.3
2020-12-08,112.48
2020-12-09,112.68
2020-12-10,112.97
2020-12-11,113.4
2020-12-12,113.76
2020-12-13,114.13
2020-12-14,114.59
2020-12-15,115.09
2020-12-16,115.43
2020-12-17,115.66
2020-12-18,115.95
2020-12-19,116.27
2020-12-20,116.6
2020-12-21,116.64
2020-12-22,116.68
2020-12-23,116.76
2020-12-24,116.77
2020-12-25,116.66
2020-12-26,116.48
2020-12-27,116.28
2020-12-28,116.31
2020-12-29,116.43
2020-12-30,116.53
2020-12-31,116.7
2021-01-01,116.84
2021-01-02,116.84
2021-01-03,116.87
2021-01-04,117.01
2021-01-05,117.01
2021-01-06,117.26
2021-01-07,117.58
2021-01-08,118.01
2021-01-09,118.61
2021-01-10,119.33
2021-01-11,119.89
2021-01-12,120.52
2021-01-13,120.95
2021-01-14,121.36
2021-01-15,121.69
2021-01-16,122.02
2021-01-17,122.12
2021-01-18,122.24
2021-01-19,122.28
2021-01-20,122.31
2021-01-21,122.42
2021-01-22,122.46
2021-01-23,122.34
2021-01-24,122.33
2021-01-25,122.41
2021-01-26,122.38
2021-01-27,122.36
2021-01-28,122.18
2021-01-29,122.18
2021-01-30,122.25
2021-01-31,122.4
2021-02-01,122.46
2021-02-02,122.64
2021-02-03,122.82
2021-02-04,123.0
2021-02-05,123.18
2021-02-06,123.34
2021-02-07,123.48
2021-02-08,123.66
2021-02-09,123.77
2021-02-10,123.83
2021-02-11,123.9
2021-02-12,123.72
2021-02-13,123.62
2021-02-14,123.42
2021-02-15,123.13
2021-02-16,122.8
2021-02-17,122.54
2021-02-18,122.19
2021-02-19,121.9
2021-02-20,121.52
2021-02-21,121.27
2021-02-22,121.08
2021-02-23,120.91
2021-02-24,120.8
2021-02-25,120.73
2021-02-26,120.67
2021-02-27,120.71
2021-02-28,120.68
2021-03-01,120.51
2021-03-02,120.36
2021-03-03,120.24
2021-03-04,120.19
2021-03-05,120.14
2021-03-06,120.0
2021-03-07,119.87
2021-03-08,119.9
2021-03-09,119.98
2021-03-10,119.9
2021-03-11,119.82
2021-03-12,119.76
2021-03-13,119.85
2021-03-14,119.89
2021-03-15,119.9
2021-03-16,119.86
2021-03-17,119.92
2021-03-18,120.01
2021-03-19,120.19
2021-03-20,120.34
2021-03-21,120.48
2021-03-22,120.57
2021-03-23,120.73
2021-03-24,120.77
2021-03-25,120.91
2021-03-26,120.98
2021-03-27,121.21
2021-03-28,121.36
2021-03-29,121.61
2021-03-30,121.85
2021-03-31,122.22
2021-04-01,122.36
2021-04-02,122.47
2021-04-03,122.51
2021-04-04,122.56
2021-04-05,122.64
2021-04-06,122.68
2021-04-07,122.72
2021-04-08,122.85
2021-04-09,123.1
2021-04-10,123.29
2021-04-11,123.5
2021-04-12,123.66
2021-04-13,123.79
2021-04-14,123.96
2021-04-15,124.13
2021-04-16,124.25
2021-04-17,124.47
2021-04-18,124.63
2021-04-19,124.75
2021-04-20,124.99
2021-04-21,125.21
2021-04-22,125.43
2021-04-23,125.63
2021-04-24,125.84
2021-04-25,126.04
2021-04-26,126.27
2021-04-27,126.42
2021-04-28,126.55
2021-04-29,126.67
2021-04-30,126.97
2021-05-01,127.1
2021-05-02,127.35
2021-05-03,127.65
2021-05-04,127.99
2021-05-05,128.4
2021-05-06,128.94
2021-05-07,129.23
2021-05-08,129.74
2021-05-09,130.14
2021-05-10,130.36
2021-05-11,130.51
2021-05-12,130.63
2021-05-13,130.66
2021-05-14,130.78
2021-05-15,130.78
2021-05-16,130.92
2021-05-17,131.18
2021-05-18,131.42
2021-05-19,131.67
2021-05-20,131.88
2021-05-21,131.94
2021-05-22,131.8
2021-05-23,131.71
2021-05-24,131.65
2021-05-25,131.63
2021-05-26,131.65
2021-05-27,131.59
2021-05-28,131.68
2021-05-29,132.06
2021-05-30,132.25
2021-05-31,132.45
2021-06-01,132.45
2021-06-02,132.4
2021-06-03,132.42
2021-06-04,132.44
2021-06-05,132.32
2021-06-06,132.27
2021-06-07,132.17
2021-06-08,132.23
2021-06-09,132.36
2021-06-10,132.5
2021-06-11,132.62
2021-06-12,132.79
2021-06-13,132.91
2021-06-14,133.05
2021-06-15,133.15
2021-06-16,133.18
2021-06-17,133.13
2021-06-18,133.04
2021-06-19,132.94
2021-06-20,132.8
2021-06-21,132.73
2021-06-22,132.71
2021-06-23,132.69
2021-06-24,132.7
2021-06-25,132.74
2021-06-26,132.99
2021-06-27,133.25
2021-06-28,133.53
2021-06-29,133.83
2021-06-30,134.1
2021-07-01,134.36
2021-07-02,134.66
2021-07-03,134.87
2021-07-04,135.16
2021-07-05,135.29
2021-07-06,135.45
2021-07-07,135.6
2021-07-08,135.88
2021-07-09,136.18
2021-07-10,136.15
2021-07-11,136.15
2021-07-12,136.16
2021-07-13,136.18
2021-07-14,136.35
2021-07-15,136.5
2021-07-16,136.57
2021-07-17,136.93
2021-07-18,137.39
2021-07-19,137.96
2021-07-20,138.5
2021-07-21,138.69
2021-07-22,138.73
2021-07-23,138.85
2021-07-24,138.85
2021-07-25,138.81
2021-07-26,138.62
2021-07-27,138.45
2021-07-28,138.44
2021-07-29,138.5
2021-07-30,138.43
2021-07-31,138.55
2021-08-01,138.54
2021-08-02,138.73
2021-08-03,138.95
2021-08-04,139.16
2021-08-05,139.46
2021-08-06,139.97
2021-08-07,140.11
2021-08-08,140.39
2021-08-09,140.6
2021-08-10,140.79
2021-08-11,141.12
2021-08-12,141.49
2021-08-13,141.73
2021-08-14,142.19
2021-08-15,142.52
2021-08-16,142.81
2021-08-17,143.11
2021-08-18,143.38
2021-08-19,143.51
2021-08-20,143.68
2021-08-21,143.91
2021-08-22,144.28
2021-08-23,144.56
2021-08-24,144.73
2021-08-25,144.93
2021-08-26,145.13
2021-08-27,145.45
2021-08-28,145.73
2021-08-29,146.05
2021-08-30,146.43
2021-08-31,146.87
2021-09-01,147.19
2021-09-02,147.65
2021-09-03,147.98
2021-09-04,148.26
2021-09-05,148.57
2021-09-06,148.99
2021-09-07,149.26
2021-09-08,149.74
2021-09-09,150.04
2021-09-10,150.52
2021-09-11,151.18
2021-09-12,151.77
2021-09-13,152.29
2021-09-14,152.71
2021-09-15,153.03
2021-09-16,153.25
2021-09-17,153.31
2021-09-18,153.33
2021-09-19,153.29
2021-09-20,153.17
2021-09-21,153.27
2021-09-22,153.46
2021-09-23,153.81
2021-09-24,154.01
2021-09-25,154.21
2021-09-26,154.37
2021-09-27,154.65
2021-09-28,154.95
2021-09-29,155.17
2021-09-30,155.41
2021-10-01,155.79
2021-10-02,156.24
2021-10-03,156.65
2021-10-04,156.98
2021-10-05,157.24
2021-10-06,157.38
2021-10-07,157.67
2021-10-08,157.94
2021-10-09,158.03
2021-10-10,158.08
2021-10-11,158.2
2021-10-12,158.39
2021-10-13,158.67
2021-10-14,159.06
2021-10-15,159.38
2021-10-16,159.75
2021-10-17,160.35
2021-10-18,160.81
2021-10-19,161.18
2021-10-20,161.58
2021-10-21,161.53
2021-10-22,161.63
2021-10-23,161.71
2021-10-24,161.63
2021-10-25,161.62
2021-10-26,161.63
2021-10-27,161.32
2021-10-28,161.09
2021-10-29,160.68
2021-10-30,160.32
2021-10-31,159.83
2021-11-01,159.44
2021-11-02,159.1
2021-11-03,159.06
2021-11-04,159.08
2021-11-05,159.28
2021-11-06,159.41
2021-11-07,159.9
2021-11-08,160.26
2021-11-09,160.63
2021-11-10,160.94
2021-11-11,161.38
2021-11-12,161.7
2021-11-13,161.99
2021-11-14,162.07
2021-11-15,162.06
2021-11-16,162.01
2021-11-17,162.12
2021-11-18,162.11
2021-11-19,162.15
2021-11-20,162.02
2021-11-21,162.18
2021-11-22,162.5
2021-11-23,162.87
2021-11-24,163.19
2021-11-25,163.46
2021-11-26,163.72
2021-11-27,164.27
2021-11-28,164.39
2021-11-29,164.53
2021-11-30,164.71
2021-12-01,164.84
2021-12-02,165.13
2021-12-03,164.95
2021-12-04,165.16
2021-12-05,165.45
2021-12-06,165.84
2021-12-07,166.18
2021-12-08,166.42
2021-12-09,166.46
2021-12-10,166.87
2021-12-11,166.8
2021-12-12,167.0
2021-12-13,167.04
2021-12-14,167.22
2021-12-15,167.78
2021-12-16,168.47
2021-12-17,169.58
2021-12-18,170.78
2021-12-19,171.97
2021-12-20,173.17
2021-12-21,174.26
2021-12-22,174.28
2021-12-23,174.36
2021-12-24,174.31
2021-12-25,174.37
2021-12-26,174.19
2021-12-27,174.32
2021-12-28,174.25
2021-12-29,174.83
2021-12-30,175.29
2021-12-31,175.9
2022-01-01,176.24
2022-01-02,176.29
2022-01-03,176.07
2022-01-04,176.2
2022-01-05,176.48
2022-01-06,176.82
2022-01-07,176.75
2022-01-08,176.73
2022-01-09,177.14
2022-01-10,177.56
2022-01-11,177.45
2022-01-12,177.47
2022-01-13,177.47
2022-01-14,176.6
2022-01-15,176.67
2022-01-16,176.62
2022-01-17,177.0
2022-01-18,177.37
2022-01-19,177.83
2022-01-20,178.16
2022-01-21,179.19
2022-01-22,179.08
2022-01-23,179.01
2022-01-24,178.45
2022-01-25,178.28
2022-01-26,177.93
2022-01-27,177.39
2022-01-28,176.77
2022-01-29,176.28
2022-01-30,175.96
2022-01-31,175.61
2022-02-01,175.2
2022-02-02,174.75
2022-02-03,174.61
2022-02-04,174.74
2022-02-05,174.94
2022-02-06,174.92
2022-02-07,174.94
2022-02-08,175.02
2022-02-09,175.05
2022-02-10,174.98
2022-02-11,174.9
2022-02-12,174.82
2022-02-13,174.7
2022-02-14,174.55
2022-02-15,174.27
2022-02-16,173.99
2022-02-17,173.65
2022-02-18,173.47
2022-02-19,173.27
2022-02-20,173.18
2022-02-21,173.14
2022-02-22,172.61
2022-02-23,172.55
2022-02-24,172.65
2022-02-25,172.47
2022-02-26,172.55
2022-02-27,172.6
2022-02-28,172.59
2022-03-01,173.16
2022-03-02,172.92
2022-03-03,172.7
2022-03-04,172.38
2022-03-05,172.0
2022-03-06,171.59
2022-03-07,171.11
2022-03-08,170.63
2022-03-09,170.4
2022-03-10,169.67
2022-03-11,169.26
2022-03-12,168.78
2022-03-13,168.36
2022-03-14,167.99
2022-03-15,167.66
2022-03-16,167.49
2022-03-17,167.88
2022-03-18,168.12
2022-03-19,168.23
2022-03-20,168.31
2022-03-21,168.39
2022-03-22,168.49
2022-03-23,168.35
2022-03-24,168.14
2022-03-25,167.98
2022-03-26,167.86
2022-03-27,167.84
2022-03-28,167.84
2022-03-29,167.75
2022-03-30,167.78
2022-03-31,167.85
2022-04-01,167.93
2022-04-02,167.91
2022-04-03,167.75
2022-04-04,167.55
2022-04-05,167.27
2022-04-06,166.91
2022-04-07,166.58
2022-04-08,166.16
2022-04-09,165.7
2022-04-10,165.15
2022-04-11,164.6
2022-04-12,164.44
2022-04-13,164.17
2022-04-14,163.73
2022-04-15,163.39
2022-04-16,163.21
2022-04-17,163.13
2022-04-18,163.08
2022-04-19,162.9
2022-04-20,162.99
2022-04-21,163.35
2022-04-22,163.71
2022-04-23,163.89
2022-04-24,164.0
2022-04-25,164.01
2022-04-26,164.01
2022-04-27,163.54
2022-04-28,163.33
2022-04-29,163.1
2022-04-30,162.96
2022-05-01,162.98
2022-05-02,162.99
2022-05-03,163.03
2022-05-04,163.52
2022-05-05,163.52
2022-05-06,163.58
2022-05-07,163.57
2022-05-08,163.56
2022-05-09,163.61
2022-05-10,163.67
2022-05-11,163.43
2022-05-12,163.27
2022-05-13,162.98
2022-05-14,163.1
2022-05-15,163.22
2022-05-16,163.45
2022-05-17,163.54
2022-05-18,163.91
2022-05-19,164.31
2022-05-20,164.79
2022-05-21,164.89
2022-05-22,165.09
2022-05-23,165.14
2022-05-24,165.27
2022-05-25,165.29
2022-05-26,165.02
2022-05-27,165.0
2022-05-28,165.05
2022-05-29,165.0
2022-05-30,165.06
2022-05-31,165.07
2022-06-01,165.12
2022-06-02,165.3
2022-06-03,164.9
2022-06-04,164.89
2022-06-05,164.88
2022-06-06,164.83
2022-06-07,164.81
2022-06-08,164.82
2022-06-09,164.58
2022-06-10,164.46
2022-06-11,164.11
2022-06-12,163.68
2022-06-13,163.33
2022-06-14,162.84
2022-06-15,162.35
2022-06-16,162.25
2022-06-17,162.44
2022-06-18,162.53
2022-06-19,162.68
2022-06-20,162.78
2022-06-21,162.98
2022-06-22,163.17
2022-06-23,163.3
2022-06-24,163.16
2022-06-25,162.85
2022-06-26,162.73
2022-06-27,162.6
2022-06-28,162.52
2022-06-29,162.43
2022-06-30,162.35
2022-07-01,162.23
2022-07-02,162.41
2022-07-03,162.34
2022-07-04,162.31
2022-07-05,162.17
2022-07-06,162.15
2022-07-07,162.1
2022-07-08,162.43
2022-07-09,162.7
2022-07-10,163.07
2022-07-11,163.43
2022-07-12,163.77
2022-07-13,163.88
2022-07-14,163.99
2022-07-15,163.94
2022-07-16,163.85
2022-07-17,163.8
2022-07-18,163.79
2022-07-19,163.97
2022-07-20,164.13
2022-07-21,164.23
2022-07-22,164.6
2022-07-23,164.93
2022-07-24,165.38
2022-07-25,165.8
2022-07-26,166.11
2022-07-27,166.54
2022-07-28,167.0
2022-07-29,167.24
2022-07-30,167.48
2022-07-31,167.51
2022-08-01,167.52
2022-08-02,167.47
2022-08-03,167.44
2022-08-04,167.43
2022-08-05,167.51
2022-08-06,167.59
2022-08-07,167.58
2022-08-08,167.49
2022-08-09,167.47
2022-08-10,167.33
2022-08-11,167.24
2022-08-12,167.14
2022-08-13,166.9
2022-08-14,166.85
2022-08-15,166.81
2022-08-16,166.67
2022-08-17,166.46
2022-08-18,166.18
2022-08-19,165.88
2022-08-20,165.7
2022-08-21,165.5
2022-08-22,165.35
2022-08-23,165.28
2022-08-24,165.4
2022-08-25,165.48
2022-08-26,165.63
2022-08-27,165.76
2022-08-28,165.77
2022-08-29,165.76
2022-08-30,165.83
2022-08-31,165.94
2022-09-01,166.0
2022-09-02,165.96
2022-09-03,165.99
2022-09-04,166.12
2022-09-05,166.32
2022-09-06,166.41
2022-09-07,166.35
2022-09-08,166.4
2022-09-09,166.5
2022-09-10,166.6
2022-09-11,166.59
2022-09-12,166.57
2022-09-13,166.61
2022-09-14,166.73
2022-09-15,166.82
2022-09-16,166.92
2022-09-17,166.94
2022-09-18,166.98
2022-09-19,166.98
2022-09-20,166.91
2022-09-21,166.88
2022-09-22,166.97
2022-09-23,166.96
2022-09-24,167.19
2022-09-25,167.5
2022-09-26,167.66
2022-09-27,167.83
2022-09-28,167.86
2022-09-29,167.56
2022-09-30,167.28
2022-10-01,167.01
2022-10-02,166.63
2022-10-03,166.37
2022-10-04,165.98
2022-10-05,165.89
2022-10-06,165.98
2022-10-07,166.17
2022-10-08,166.25
2022-10-09,166.22
2022-10-10,166.3
2022-10-11,166.53
2022-10-12,166.53
2022-10-13,166.84
2022-10-14,167.0
2022-10-15,166.93
2022-10-16,167.12
2022-10-17,167.28
2022-10-18,167.36
2022-10-19,167.2
2022-10-20,166.93
2022-10-21,166.73
2022-10-22,166.33
2022-10-23,166.15
2022-10-24,165.96
2022-10-25,165.69
2022-10-26,165.61
2022-10-27,165.32
2022-10-28,164.89
2022-10-29,164.84
2022-10-30,164.34
2022-10-31,163.81
2022-11-01,163.41
2022-11-02,163.04
2022-11-03,162.81
2022-11-04,162.88
2022-11-05,162.91
2022-11-06,163.11
2022-11-07,163.39
2022-11-08,163.78
2022-11-09,164.2
2022-11-10,164.62
2022-11-11,164.88
2022-11-12,165.19
2022-11-13,165.42
2022-11-14,165.58
2022-11-15,165.68
2022-11-16,165.79
2022-11-17,165.87
2022-11-18,165.93
2022-11-19,165.88
2022-11-20,165.99
2022-11-21,166.13
2022-11-22,166.35
2022-11-23,166.56
2022-11-24,166.75
2022-11-25,166.86
2022-11-26,167.07
2022-11-27,167.14
2022-11-28,167.22
2022-11-29,167.21
2022-11-30,167.24
2022-12-01,167.08
2022-12-02,166.99
2022-12-03,167.11
2022-12-04,167.06
2022-12-05,166.98
2022-12-06,166.89
2022-12-07,166.67
2022-12-08,166.55
2022-12-09,166.78
2022-12-10,166.78
2022-12-11,167.0
2022-12-12,167.35
2022-12-13,167.76
2022-12-14,168.4
2022-12-15,169.06
2022-12-16,169.38
2022-12-17,169.71
2022-12-18,169.99
2022-12-19,170.18
2022-12-20,170.49
2022-12-21,170.72
2022-12-22,171.02
2022-12-23,171.19
2022-12-24,171.39
2022-12-25,171.57
2022-12-26,171.76
2022-12-27,171.73
2022-12-28,171.66
2022-12-29,171.67
2022-12-30,171.7
2022-12-31,171.7
2023-01-01,171.68
2023-01-02,171.53
2023-01-03,171.38
2023-01-04,171.03
2023-01-05,170.73
2023-01-06,170.54
2023-01-07,170.6
2023-01-08,170.8
2023-01-09,171.14
2023-01-10,171.5
2023-01-11,172.09
2023-01-12,172.53
2023-01-13,172.72
2023-01-14,172.59
2023-01-15,172.33
2023-01-16,172.1
2023-01-17,171.72
2023-01-18,171.33
2023-01-19,170.93
2023-01-20,170.71
2023-01-21,170.46
2023-01-22,170.34
2023-01-23,170.12
2023-01-24,169.99
2023-01-25,169.79
2023-01-26,170.04
2023-01-27,169.82
2023-01-28,169.68
2023-01-29,169.39
2023-01-30,169.19
2023-01-31,169.08
2023-02-01,169.15
2023-02-02,168.51
2023-02-03,168.39
2023-02-04,168.36
2023-02-05,168.39
2023-02-06,168.25
2023-02-07,168.02
2023-02-08,167.48
2023-02-09,167.19
2023-02-10,166.81
2023-02-11,166.52
2023-02-12,166.1
2023-02-13,165.79
2023-02-14,165.49
2023-02-15,165.16
2023-02-16,164.96
2023-02-17,164.72
2023-02-18,164.09
2023-02-19,163.87
2023-02-20,163.7
2023-02-21,163.45
2023-02-22,163.51
2023-02-23,163.62
2023-02-24,163.49
2023-02-25,163.59
2023-02-26,163.38
2023-02-27,163.13
2023-02-28,162.81
2023-03-01,161.87
2023-03-02,161.13
2023-03-03,160.65
2023-03-04,160.07
2023-03-05,159.6
2023-03-06,159.18
2023-03-07,158.74
2023-03-08,158.59
2023-03-09,158.19
2023-03-10,158.32
2023-03-11,158.51
2023-03-12,158.53
2023-03-13,158.31
2023-03-14,158.19
2023-03-15,158.57
2023-03-16,158.97
2023-03-17,158.94
2023-03-18,159.07
2023-03-19,159.1
2023-03-20,159.32
2023-03-21,159.63
2023-03-22,159.65
2023-03-23,159.41
2023-03-24,159.29
2023-03-25,158.99
2023-03-26,158.87
2023-03-27,158.72
2023-03-28,158.63
2023-03-29,158.18
2023-03-30,158.2
2023-03-31,157.72
2023-04-01,157.39
2023-04-02,157.31
2023-04-03,156.99
2023-04-04,156.7
2023-04-05,156.62
2023-04-06,156.34
2023-04-07,156.39
2023-04-08,156.27
2023-04-09,156.05
2023-04-10,156.12
2023-04-11,156.15
2023-04-12,156.33
2023-04-13,156.44
2023-04-14,156.49
2023-04-15,156.46
2023-04-16,156.56
2023-04-17,156.5
2023-04-18,156.44
2023-04-19,155.26
2023-04-20,155.12
2023-04-21,155.11
2023-04-22,155.35
2023-04-23,155.17
2023-04-24,155.17
2023-04-25,155.09
2023-04-26,156.01
2023-04-27,155.89
2023-04-28,155.59
2023-04-29,155.22
2023-04-30,154.93
2023-05-01,154.59
2023-05-02,154.45
2023-05-03,154.21
2023-05-04,153.94
2023-05-05,153.93
2023-05-06,154.13
2023-05-07,154.38
2023-05-08,154.55
2023-05-09,154.52
2023-05-10,154.69
2023-05-11,154.78
2023-05-12,154.37
2023-05-13,154.11
2023-05-14,153.9
2023-05-15,153.72
2023-05-16,153.52
2023-05-17,153.53
2023-05-18,153.68
2023-05-19,153.97
2023-05-20,154.11
2023-05-21,154.22
2023-05-22,154.34
2023-05-23,154.2
2023-05-24,153.91
2023-05-25,153.63
2023-05-26,153.55
2023-05-27,153.27
2023-05-28,152.91
2023-05-29,152.64
2023-05-30,152.52
2023-05-31,152.27
2023-06-01,151.9
2023-06-02,151.81
2023-06-03,151.54
2023-06-04,151.4
2023-06-05,151.26
2023-06-06,151.21
2023-06-07,151.45
2023-06-08,151.74
2023-06-09,151.8
2023-06-10,152.01
2023-06-11,152.16
2023-06-12,152.31
2023-06-13,152.53
2023-06-14,152.51
2023-06-15,152.36
2023-06-16,152.19
2023-06-17,152.1
2023-06-18,152.04
2023-06-19,151.89
2023-06-20,151.76
2023-06-21,151.69
2023-06-22,151.79
2023-06-23,151.84
2023-06-24,151.6
2023-06-25,151.48
2023-06-26,151.47
2023-06-27,151.44
2023-06-28,151.45
2023-06-29,151.48
2023-06-30,151.44
2023-07-01,151.66
2023-07-02,151.71
2023-07-03,151.68
2023-07-04,151.56
2023-07-05,151.49
2023-07-06,151.27
2023-07-07,151.28
2023-07-08,151.39
2023-07-09,151.45
2023-07-10,151.52
2023-07-11,151.65
2023-07-12,151.81
2023-07-13,151.72
2023-07-14,151.85
2023-07-15,151.84
2023-07-16,151.88
2023-07-17,151.96
2023-07-18,151.93
2023-07-19,151.75
2023-07-20,151.77
2023-07-21,151.83
2023-07-22,151.71
2023-07-23,151.96
2023-07-24,152.21
2023-07-25,152.5
2023-07-26,152.87
2023-07-27,153.26
2023-07-28,153.3
2023-07-29,153.5
2023-07-30,153.37
2023-07-31,153.16
2023-08-01,153.12
2023-08-02,152.98
2023-08-03,152.91
2023-08-04,152.82
2023-08-05,152.86
2023-08-06,152.82
2023-08-07,152.8
2023-08-08,152.65
2023-08-09,152.65
2023-08-10,152.68
2023-08-11,152.65
2023-08-12,152.47
2023-08-13,152.45
2023-08-14,152.31
2023-08-15,152.23
2023-08-16,152.05
2023-08-17,151.73
2023-08-18,151.52
2023-08-19,151.44
2023-08-20,151.27
2023-08-21,151.31
2023-08-22,151.33
2023-08-23,151.32
2023-08-24,151.58
2023-08-25,151.86
2023-08-26,151.93
2023-08-27,152.01
2023-08-28,151.99
2023-08-29,152.08
2023-08-30,152.32
2023-08-31,152.41
2023-09-01,152.31
2023-09-02,152.44
2023-09-03,152.51
2023-09-04,152.62
2023-09-05,152.63
2023-09-06,152.51
2023-09-07,152.54
2023-09-08,152.64
2023-09-09,152.84
2023-09-10,153.06
2023-09-11,153.3
2023-09-12,153.49
2023-09-13,153.8
2023-09-14,153.92
2023-09-15,153.94
2023-09-16,153.76
2023-09-17,153.23
2023-09-18,152.69
2023-09-19,152.16
2023-09-20,151.64
2023-09-21,151.09
2023-09-22,150.64
2023-09-23,150.31
2023-09-24,150.38
2023-09-25,150.51
2023-09-26,150.73
2023-09-27,150.81
2023-09-28,151.01
2023-09-29,151.23
2023-09-30,151.23
2023-10-01,151.2
2023-10-02,151.19
2023-10-03,151.17
2023-10-04,151.17
2023-10-05,151.09
2023-10-06,150.94
2023-10-07,151.0
2023-10-08,150.97
2023-10-09,150.82
2023-10-10,150.59
2023-10-11,150.49
2023-10-12,150.49
2023-10-13,150.43
2023-10-14,150.3
2023-10-15,150.29
2023-10-16,150.3
2023-10-17,150.35
2023-10-18,150.36
2023-10-19,150.29
2023-10-20,150.25
2023-10-21,149.97
2023-10-22,149.89
2023-10-23,149.79
2023-10-24,149.75
2023-10-25,149.69
2023-10-26,149.64
2023-10-27,149.5
2023-10-28,149.58
2023-10-29,149.24
2023-10-30,148.93
2023-10-31,148.56
2023-11-01,148.09
2023-11-02,147.6
2023-11-03,147.18
2023-11-04,146.87
2023-11-05,146.76
2023-11-06,146.61
2023-11-07,146.44
2023-11-08,146.35
2023-11-09,146.25
2023-11-10,146.29
2023-11-11,146.19
2023-11-12,146.06
2023-11-13,145.94
2023-11-14,145.68
2023-11-15,145.47
2023-11-16,145.3
2023-11-17,145.05
2023-11-18,144.8
2023-11-19,144.58
2023-11-20,144.4
2023-11-21,144.39
2023-11-22,144.27
2023-11-23,144.16
2023-11-24,144.06
2023-11-25,143.98
2023-11-26,143.91
2023-11-27,143.82
2023-11-28,143.76
2023-11-29,143.83
2023-11-30,143.87
2023-12-01,143.95
2023-12-02,144.09
2023-12-03,144.26
2023-12-04,144.38
2023-12-05,144.49
2023-12-06,144.55
2023-12-07,144.7
2023-12-08,144.64
2023-12-09,143.8
2023-12-10,143.11
2023-12-11,142.5
2023-12-12,141.84
2023-12-13,141.23
2023-12-14,140.58
2023-12-15,140.07
2023-12-16,140.2
2023-12-17,140.16
2023-12-18,140.13
2023-12-19,140.08
2023-12-20,139.99
2023-12-21,139.91
2023-12-22,139.89
2023-12-23,139.93
2023-12-24,140.01
2023-12-25,140.08
2023-12-26,140.16
2023-12-27,140.25
2023-12-28,140.29
2023-12-29,140.3
2023-12-30,140.35
2023-12-31,140.33
2024-01-01,140.26
2024-01-02,140.1
2024-01-03,139.92
2024-01-04,139.95
2024-01-05,140.05
2024-01-06,140.04
2024-01-07,140.08
2024-01-08,140.09
2024-01-09,140.21
2024-01-10,140.35
2024-01-11,140.3
2024-01-12,140.17
2024-01-13,140.0
2024-01-14,139.82
2024-01-15,139.66
2024-01-16,139.41
2024-01-17,139.12
2024-01-18,138.84
2024-01-19,138.52
2024-01-20,138.36
2024-01-21,138.11
2024-01-22,137.86
2024-01-23,137.71
2024-01-24,137.49
2024-01-25,137.26
2024-01-26,137.12
2024-01-27,136.89
2024-01-28,136.65
2024-01-29,136.46
2024-01-30,136.25
2024-01-31,136.07
2024-02-01,135.92
2024-02-02,135.74
2024-02-03,135.8
2024-02-04,135.86
2024-02-05,135.9
2024-02-06,136.01
2024-02-07,136.17
2024-02-08,136.32
2024-02-09,136.42
2024-02-10,136.34
2024-02-11,136.27
2024-02-12,136.19
2024-02-13,136.04
2024-02-14,135.84
2024-02-15,135.48
2024-02-16,135.12
2024-02-17,134.56
2024-02-18,134.26
2024-02-19,133.97
2024-02-20,133.7
2024-02-21,133.4
2024-02-22,133.32
2024-02-23,133.29
2024-02-24,133.56
2024-02-25,133.54
2024-02-26,133.51
2024-02-27,133.45
2024-02-28,133.46
2024-02-29,133.44
2024-03-01,133.37
2024-03-02,133.23
2024-03-03,133.18
2024-03-04,133.15
2024-03-05,133.05
2024-03-06,132.9
2024-03-07,132.7
2024-03-08,132.5
